Betriebsmittelkennzeichen (BMK);Artikelnummer;Bestellnummer;Menge;Einheit;Artikelbeschreibung
-W2.2;;;;;

-W4.1;;;;;
-W4.2;4044776488064;1025834 - 62;;;LAPP 16000063/1 Mantelleitung NYM-J 5 G 2.5 mm² Grau
-W4.3;4044774725291;1025805 - 62;;m;LAPP 16000003/50 Mantelleitung NYM-J 3 G 1.5 mm² Grau
-W4.4;4044774725291;1025805 - 62;;m;LAPP 16000003/50 Mantelleitung NYM-J 3 G 1.5 mm² Grau
-W4.5;4044774725291;1025805 - 62;;m;LAPP 16000003/50 Mantelleitung NYM-J 3 G 1.5 mm² Grau

-W7.1;4044776488064;1025834 - 62;;;LAPP 16000063/1 Mantelleitung NYM-J 5 G 2.5 mm² Grau
-W7.2;4044776488064;1025834 - 62;;;LAPP 16000063/1 Mantelleitung NYM-J 5 G 2.5 mm² Grau
-W7.3;4044776488064;1025834 - 62;;m;LAPP 16000063/50 Mantelleitung NYM-J 5 G 2.5 mm² Grau
-W7.4;4044776488064;1025834 - 62;;m;LAPP 16000063/50 Mantelleitung NYM-J 5 G 2.5 mm² Grau

-W8.1;4044774725291;1025805 - 62;;m;LAPP 16000003/50 Mantelleitung NYM-J 3 G 1.5 mm² Grau
-W8.2;4044774725291;1025805 - 62;;m;LAPP 16000003/50 Mantelleitung NYM-J 3 G 1.5 mm² Grau
-W8.3;4044774725291;1025805 - 62;;m;LAPP 16000003/50 Mantelleitung NYM-J 3 G 1.5 mm² Grau
-W8.4;4044774725291;1025805 - 62;;m;LAPP 16000003/50 Mantelleitung NYM-J 3 G 1.5 mm² Grau
-W8.5;4044774725291;1025805 - 62;;m;LAPP 16000003/50 Mantelleitung NYM-J 3 G 1.5 mm² Grau
-W8.6;4044774725291;1025805 - 62;;m;LAPP 16000003/50 Mantelleitung NYM-J 3 G 1.5 mm² Grau
-W8.7;4044774725291;1025805 - 62;;m;LAPP 16000003/50 Mantelleitung NYM-J 3 G 1.5 mm² Grau
-W8.8;4044774725291;1025805 - 62;;m;LAPP 16000003/50 Mantelleitung NYM-J 3 G 1.5 mm² Grau
-W8.9;4044774725291;1025805 - 62;;m;LAPP 16000003/50 Mantelleitung NYM-J 3 G 1.5 mm² Grau

-W10.1;4044774725291;1025805 - 62;;m;LAPP 16000003/50 Mantelleitung NYM-J 3 G 1.5 mm² Grau
-W10.2;4044774725291;1025805 - 62;;m;LAPP 16000003/50 Mantelleitung NYM-J 3 G 1.5 mm² Grau
-W10.3;4044774725291;1025805 - 62;;m;LAPP 16000003/50 Mantelleitung NYM-J 3 G 1.5 mm² Grau
-W10.4;4044774725291;1025805 - 62;;m;LAPP 16000003/50 Mantelleitung NYM-J 3 G 1.5 mm² Grau
-W10.5;4044774725291;1025805 - 62;;m;LAPP 16000003/50 Mantelleitung NYM-J 3 G 1.5 mm² Grau

-W11.1;4044774725291;1025805 - 62;;m;LAPP 16000003/50 Mantelleitung NYM-J 3 G 1.5 mm² Grau
-W11.2;4044774725291;1025805 - 62;;m;LAPP 16000003/50 Mantelleitung NYM-J 3 G 1.5 mm² Grau
-W11.3;4044774725291;1025805 - 62;;m;LAPP 16000003/50 Mantelleitung NYM-J 3 G 1.5 mm² Grau
-W11.4;4044774725291;1025805 - 62;;m;LAPP 16000003/50 Mantelleitung NYM-J 3 G 1.5 mm² Grau
-W11.5;4044774725291;1025805 - 62;;m;LAPP 16000003/50 Mantelleitung NYM-J 3 G 1.5 mm² Grau

-W14.1;0015002;1026833 - 62;;m;Steuerleitung 2 x 0.50 mm²
-W14.2;0015002;1026833 - 62;;m;Steuerleitung 2 x 0.50 mm²
-W14.3;0015002;1026833 - 62;;m;Steuerleitung 2 x 0.50 mm²
-W14.4;0015002;1026833 - 62;;m;Steuerleitung 2 x 0.50 mm²
-W14.10;0015002;1026833 - 62;;m;Steuerleitung 2 x 0.50 mm²
-W14.5;0015002;1026833 - 62;;m;Steuerleitung 2 x 0.50 mm²
-W14.6;0015002;1026833 - 62;;m;Steuerleitung 2 x 0.50 mm²
-W14.7;0015002;1026833 - 62;;m;Steuerleitung 2 x 0.50 mm²
-W14.8;0015002;1026833 - 62;;m;Steuerleitung 2 x 0.50 mm²
-W14.9;0015002;1026833 - 62;;m;Steuerleitung 2 x 0.50 mm²
-W14.11;0015002;1026833 - 62;;m;Steuerleitung 2 x 0.50 mm²
-W14.12;4044774543505;1026843 - 62;;m;Steuerleitung 2 x 1.50 mm²
-W14.13;0015002;1026833 - 62;;m;Steuerleitung 2 x 0.50 mm²
-W14.14;0015002;1026833 - 62;;m;Steuerleitung 2 x 0.50 mm²
-W14.15;0015002;1026833 - 62;;m;Steuerleitung 2 x 0.50 mm²
-W14.16;0015002;1026833 - 62;;m;Steuerleitung 2 x 0.50 mm²
-W14.17;0015002;1026833 - 62;;m;Steuerleitung 2 x 0.50 mm²
-W14.18;0015002;1026833 - 62;;m;Steuerleitung 2 x 0.50 mm²
-W14.19;0015002;1026833 - 62;;m;Steuerleitung 2 x 0.50 mm²
-W14.20;0015002;1026833 - 62;;m;Steuerleitung 2 x 0.50 mm²
-W14.21;0015002;1026833 - 62;;m;Steuerleitung 2 x 0.50 mm²
-W14.23;4044774543505;1026843 - 62;;m;Steuerleitung 2 x 1.50 mm²
-W14.24;0015002;1026833 - 62;;m;Steuerleitung 2 x 0.50 mm²
-W14.25;0015002;1026833 - 62;;m;Steuerleitung 2 x 0.50 mm²
-W14.26;0015002;1026833 - 62;;m;Steuerleitung 2 x 0.50 mm²
-W14.27;0015002;1026833 - 62;;m;Steuerleitung 2 x 0.50 mm²
-W14.28;0015002;1026833 - 62;;m;Steuerleitung 2 x 0.50 mm²
-W14.29;0015002;1026833 - 62;;m;Steuerleitung 2 x 0.50 mm²
-W14.30;0015002;1026833 - 62;;m;Steuerleitung 2 x 0.50 mm²
-W14.31;0015002;1026833 - 62;;m;Steuerleitung 2 x 0.50 mm²
-W14.32;0015002;1026833 - 62;;m;Steuerleitung 2 x 0.50 mm²
-W14.33;4044774543505;1026843 - 62;;m;Steuerleitung 2 x 1.50 mm²
-W14.34;0015002;1026833 - 62;;m;Steuerleitung 2 x 0.50 mm²
-W14.35;0015002;1026833 - 62;;m;Steuerleitung 2 x 0.50 mm²
-W14.36;0015002;1026833 - 62;;m;Steuerleitung 2 x 0.50 mm²
-W14.37;0015002;1026833 - 62;;m;Steuerleitung 2 x 0.50 mm²
-W14.38;0015002;1026833 - 62;;m;Steuerleitung 2 x 0.50 mm²
-W14.39;0015002;1026833 - 62;;m;Steuerleitung 2 x 0.50 mm²
-W14.41;0015002;1026833 - 62;;m;Steuerleitung 2 x 0.50 mm²
-W14.42;0015002;1026833 - 62;;m;Steuerleitung 2 x 0.50 mm²
-W14.43;0015002;1026833 - 62;;m;Steuerleitung 2 x 0.50 mm²
-W14.43;0015002;1026833 - 62;;m;Steuerleitung 2 x 0.50 mm²
-W14.44;0015002;1026833 - 62;;m;Steuerleitung 2 x 0.50 mm²
-W14.45;0015002;1026833 - 62;;m;Steuerleitung 2 x 0.50 mm²
-W14.46;0015002;1026833 - 62;;m;Steuerleitung 2 x 0.50 mm²
-W14.47;0015002;1026833 - 62;;m;Steuerleitung 2 x 0.50 mm²
-W14.48;0015002;1026833 - 62;;m;Steuerleitung 2 x 0.50 mm²
-W14.49;0015002;1026833 - 62;;m;Steuerleitung 2 x 0.50 mm²
-W14.50;0015002;1026833 - 62;;m;Steuerleitung 2 x 0.50 mm²
-W14.51;0015002;1026833 - 62;;m;Steuerleitung 2 x 0.50 mm²
-W14.52;0015002;1026833 - 62;;m;Steuerleitung 2 x 0.50 mm²
-W14.53;0015002;1026833 - 62;;m;Steuerleitung 2 x 0.50 mm²

-W15.1;0015002;1026833 - 62;;m;Steuerleitung 2 x 0.50 mm²
-W15.2;4044774543505;1026843 - 62;;m;Steuerleitung 2 x 1.50 mm²
-W15.3;0015002;1026833 - 62;;m;Steuerleitung 2 x 0.50 mm²
-W15.4;0015002;1026833 - 62;;m;Steuerleitung 2 x 0.50 mm²
-W15.5;0015002;1026833 - 62;;m;Steuerleitung 2 x 0.50 mm²
-W15.6;0015002;1026833 - 62;;m;Steuerleitung 2 x 0.50 mm²
-W15.7;0015002;1026833 - 62;;m;Steuerleitung 2 x 0.50 mm²
-W15.8;4044774543505;1026843 - 62;;m;Steuerleitung 2 x 1.50 mm²
-W15.9;0015002;1026833 - 62;;m;Steuerleitung 2 x 0.50 mm²
-W15.10;0015002;1026833 - 62;;m;Steuerleitung 2 x 0.50 mm²
-W15.11;4044774543505;1026843 - 62;;m;Steuerleitung 2 x 1.50 mm²
-W15.12;0015002;1026833 - 62;;m;Steuerleitung 2 x 0.50 mm²
-W15.13;0015002;1026833 - 62;;m;Steuerleitung 2 x 0.50 mm²
-W15.14;0015002;1026833 - 62;;m;Steuerleitung 2 x 0.50 mm²
-W15.15;0015002;1026833 - 62;;m;Steuerleitung 2 x 0.50 mm²

-W19.1;4044776488064;1025834 - 62;;;LAPP 16000063/1 Mantelleitung NYM-J 5 G 2.5 mm² Grau
-W19.2;4044776488064;1025834 - 62;;;LAPP 16000063/1 Mantelleitung NYM-J 5 G 2.5 mm² Grau

-W20.1;4044774725291;1025805 - 62;;m;LAPP 16000003/50 Mantelleitung NYM-J 3 G 1.5 mm² Grau
-W20.2;4044774725291;1025805 - 62;;m;LAPP 16000003/50 Mantelleitung NYM-J 3 G 1.5 mm² Grau
-W20.3;4044774725291;1025805 - 62;;m;LAPP 16000003/50 Mantelleitung NYM-J 3 G 1.5 mm² Grau
-W20.4;4044774725291;1025805 - 62;;m;LAPP 16000003/50 Mantelleitung NYM-J 3 G 1.5 mm² Grau
-W20.5;4044774725291;1025805 - 62;;m;LAPP 16000003/50 Mantelleitung NYM-J 3 G 1.5 mm² Grau
-W20.6;4044774725291;1025805 - 62;;m;LAPP 16000003/50 Mantelleitung NYM-J 3 G 1.5 mm² Grau
-W20.7;4044774725291;1025805 - 62;;m;LAPP 16000003/50 Mantelleitung NYM-J 3 G 1.5 mm² Grau
-W20.8;4044774725291;1025805 - 62;;m;LAPP 16000003/50 Mantelleitung NYM-J 3 G 1.5 mm² Grau
-W20.9;4044774725291;1025805 - 62;;m;LAPP 16000003/50 Mantelleitung NYM-J 3 G 1.5 mm² Grau

-W26.1;4044774725291;1025805 - 62;;m;LAPP 16000003/50 Mantelleitung NYM-J 3 G 1.5 mm² Grau
-W26.2;4044774725291;1025805 - 62;;m;LAPP 16000003/50 Mantelleitung NYM-J 3 G 1.5 mm² Grau

-W27.1;0015002;1026833 - 62;;m;Steuerleitung 2 x 0.50 mm²
-W27.2;0015002;1026833 - 62;;m;Steuerleitung 2 x 0.50 mm²
-W27.3;0015002;1026833 - 62;;m;Steuerleitung 2 x 0.50 mm²
-W27.4;0015002;1026833 - 62;;m;Steuerleitung 2 x 0.50 mm²
-W27.5;0015002;1026833 - 62;;m;Steuerleitung 2 x 0.50 mm²
-W27.6;0015002;1026833 - 62;;m;Steuerleitung 2 x 0.50 mm²
-W27.7;0015002;1026833 - 62;;m;Steuerleitung 2 x 0.50 mm²
-W27.8;0015002;1026833 - 62;;m;Steuerleitung 2 x 0.50 mm²
-W27.9;0015002;1026833 - 62;;m;Steuerleitung 2 x 0.50 mm²
-W27.10;0015002;1026833 - 62;;m;Steuerleitung 2 x 0.50 mm²
-W27.11;0015002;1026833 - 62;;m;Steuerleitung 2 x 0.50 mm²
-W27.12;0015002;1026833 - 62;;m;Steuerleitung 2 x 0.50 mm²
-W27.13;0015002;1026833 - 62;;m;Steuerleitung 2 x 0.50 mm²
-W27.14;0015002;1026833 - 62;;m;Steuerleitung 2 x 0.50 mm²
-W27.15;0015002;1026833 - 62;;m;Steuerleitung 2 x 0.50 mm²
-W27.16;4044774543505;1026843 - 62;;m;Steuerleitung 2 x 1.50 mm²
-W27.17;4044774543505;1026843 - 62;;m;Steuerleitung 2 x 1.50 mm²
-W27.18;0015002;1026833 - 62;;m;Steuerleitung 2 x 0.50 mm²
-W27.19;0015002;1026833 - 62;;m;Steuerleitung 2 x 0.50 mm²
-W27.20;0015002;1026833 - 62;;m;Steuerleitung 2 x 0.50 mm²
-W27.21;0015002;1026833 - 62;;m;Steuerleitung 2 x 0.50 mm²
-W27.22;0015002;1026833 - 62;;m;Steuerleitung 2 x 0.50 mm²
-W27.23;0015002;1026833 - 62;;m;Steuerleitung 2 x 0.50 mm²
-W27.24;0015002;1026833 - 62;;m;Steuerleitung 2 x 0.50 mm²
-W27.25;0015002;1026833 - 62;;m;Steuerleitung 2 x 0.50 mm²

-W28.1;0015002;1026833 - 62;;m;Steuerleitung 2 x 0.50 mm²
-W28.2;0015002;1026833 - 62;;m;Steuerleitung 2 x 0.50 mm²
-W28.3;0015002;1026833 - 62;;m;Steuerleitung 2 x 0.50 mm²
-W28.4;0015002;1026833 - 62;;m;Steuerleitung 2 x 0.50 mm²
-W28.5;4044774543505;1026843 - 62;;m;Steuerleitung 2 x 1.50 mm²
-W28.6;4044774543505;1026843 - 62;;m;Steuerleitung 2 x 1.50 mm²
-W28.7;4044774543505;1026843 - 62;;m;Steuerleitung 2 x 1.50 mm²
-W28.8;4044774543505;1026843 - 62;;m;Steuerleitung 2 x 1.50 mm²
-W28.9;0015002;1026833 - 62;;m;Steuerleitung 2 x 0.50 mm²
-W28.10;0015002;1026833 - 62;;m;Steuerleitung 2 x 0.50 mm²
-W28.11;0015002;1026833 - 62;;m;Steuerleitung 2 x 0.50 mm²
-W28.12;0015002;1026833 - 62;;m;Steuerleitung 2 x 0.50 mm²
-W28.13;0015002;1026833 - 62;;m;Steuerleitung 2 x 0.50 mm²
-W28.14;0015002;1026833 - 62;;m;Steuerleitung 2 x 0.50 mm²
-W28.15;0015002;1026833 - 62;;m;Steuerleitung 2 x 0.50 mm²
-W28.16;0015002;1026833 - 62;;m;Steuerleitung 2 x 0.50 mm²
-W28.17;0015002;1026833 - 62;;m;Steuerleitung 2 x 0.50 mm²
-W28.18;0015002;1026833 - 62;;m;Steuerleitung 2 x 0.50 mm²
-W28.19;0015002;1026833 - 62;;m;Steuerleitung 2 x 0.50 mm²
-W28.20;0015002;1026833 - 62;;m;Steuerleitung 2 x 0.50 mm²
-W28.21;0015002;1026833 - 62;;m;Steuerleitung 2 x 0.50 mm²
-W28.22;0015002;1026833 - 62;;m;Steuerleitung 2 x 0.50 mm²
-W28.23;0015002;1026833 - 62;;m;Steuerleitung 2 x 0.50 mm²
-W28.24;0015002;1026833 - 62;;m;Steuerleitung 2 x 0.50 mm²
-W28.25;0015002;1026833 - 62;;m;Steuerleitung 2 x 0.50 mm²
-W28.26;0015002;1026833 - 62;;m;Steuerleitung 2 x 0.50 mm²
-W28.27;0015002;1026833 - 62;;m;Steuerleitung 2 x 0.50 mm²
-W28.28;0015002;1026833 - 62;;m;Steuerleitung 2 x 0.50 mm²
-W28.29;0015002;1026833 - 62;;m;Steuerleitung 2 x 0.50 mm²
-W28.30;0015002;1026833 - 62;;m;Steuerleitung 2 x 0.50 mm²
-W28.31;0015002;1026833 - 62;;m;Steuerleitung 2 x 0.50 mm²
-W28.32;0015002;1026833 - 62;;m;Steuerleitung 2 x 0.50 mm²
-W28.33;0015002;1026833 - 62;;m;Steuerleitung 2 x 0.50 mm²

-W32.1;4044776488064;1025834 - 62;;m;LAPP 16000063/50 Mantelleitung NYM-J 5 G 2.5 mm² Grau
-W32.2;4044774725291;1025805 - 62;;m;LAPP 16000003/50 Mantelleitung NYM-J 3 G 1.5 mm² Grau
-W32.3;4044774725291;1025805 - 62;;m;LAPP 16000003/50 Mantelleitung NYM-J 3 G 1.5 mm² Grau
-W32.4;4044774725291;1025805 - 62;;m;LAPP 16000003/50 Mantelleitung NYM-J 3 G 1.5 mm² Grau
-W32.5;4044774725291;1025805 - 62;;m;LAPP 16000003/50 Mantelleitung NYM-J 3 G 1.5 mm² Grau
-W32.6;4044774725291;1025805 - 62;;m;LAPP 16000003/50 Mantelleitung NYM-J 3 G 1.5 mm² Grau
-W32.7;4044774725291;1025805 - 62;;m;LAPP 16000003/50 Mantelleitung NYM-J 3 G 1.5 mm² Grau

-W36.1;0015002;1026833 - 62;;m;Steuerleitung 2 x 0.50 mm²
-W36.2;0015002;1026833 - 62;;m;Steuerleitung 2 x 0.50 mm²
-W36.3;0015002;1026833 - 62;;m;Steuerleitung 2 x 0.50 mm²
-W36.4;4044774543505;1026843 - 62;;m;Steuerleitung 2 x 1.50 mm²
-W36.5;0015002;1026833 - 62;;m;Steuerleitung 2 x 0.50 mm²
-W36.6;0015002;1026833 - 62;;m;Steuerleitung 2 x 0.50 mm²
-W36.7;0015002;1026833 - 62;;m;Steuerleitung 2 x 0.50 mm²
-W36.8;0015002;1026833 - 62;;m;Steuerleitung 2 x 0.50 mm²
-W36.9;0015002;1026833 - 62;;m;Steuerleitung 2 x 0.50 mm²
-W36.10;0015002;1026833 - 62;;m;Steuerleitung 2 x 0.50 mm²
-W36.11;4044774543505;1026843 - 62;;m;Steuerleitung 2 x 1.50 mm²
-W36.12;0015002;1026833 - 62;;m;Steuerleitung 2 x 0.50 mm²
-W36.13;0015002;1026833 - 62;;m;Steuerleitung 2 x 0.50 mm²
-W36.14;0015002;1026833 - 62;;m;Steuerleitung 2 x 0.50 mm²
-W36.15;0015002;1026833 - 62;;m;Steuerleitung 2 x 0.50 mm²
-W36.18;4044774543505;1026843 - 62;;m;Steuerleitung 2 x 1.50 mm²
-W36.19;0015002;1026833 - 62;;m;Steuerleitung 2 x 0.50 mm²
-W36.20;0015002;1026833 - 62;;m;Steuerleitung 2 x 0.50 mm²
